{"gold_relation": "expansion.conjunction", "loss": 8.751432418823242, "pred_relation": "contingency.cause.result", "relation_probs": {"expansion.conjunction": 0.0001582344702910632, "comparison.concession.arg2-as-denier": 1.2191275345685426e-05, "contingency.cause.reason": 4.422986421559472e-06, "contingency.cause.result": 0.9991323351860046, "expansion.level-of-detail.arg2-as-detail": 8.590425568399951e-05, "temporal.synchronous": 3.436890892771771e-06, "temporal.asynchronous.precedence": 6.331018084893003e-05, "comparison.contrast": 1.3520758557206136e-06, "expansion.instantiation.arg2-as-instance": 2.5616534912842326e-05, "contingency.purpose.arg2-as-goal": 5.807231354992837e-05, "contingency.condition.arg2-as-cond": 1.1084705420216778e-06, "temporal.asynchronous.succession": 1.515501367066463e-06, "comparison.concession.arg1-as-denier": 1.0322794423700543e-06, "expansion.substitution.arg2-as-subst": 1.0231078704237007e-06, "expansion.manner.arg2-as-manner": 4.594605343299918e-06, "expansion.equivalence": 5.684683401341317e-06, "expansion.disjunction": 6.634001579186588e-07, "expansion.level-of-detail.arg1-as-detail": 1.3868064343114384e-05, "comparison.similarity": 4.937751782563282e-06, "contingency.cause+belief.reason+belief": 5.014481757825706e-06, "hypophora": 2.576909992058063e-06, "contingency.purpose.arg1-as-goal": 5.1298975449753925e-06, "contingency.negative-condition.arg2-as-negcond": 9.375502258990309e-07, "expansion.substitution.arg1-as-subst": 5.408669494499918e-06, "expansion.manner.arg1-as-manner": 0.00020482725813053548, "contingency.cause+belief.result+belief": 0.0001546847342979163, "contingency.condition+speechact": 4.708509095507907e-06, "contingency.condition.arg1-as-cond": 9.379683433508035e-06, "expansion.exception.arg2-as-excpt": 1.2020796020806301e-06, "comparison.concession+speechact.arg2-as-denier+speechact": 2.2626279587711906e-06, "expansion.exception.arg1-as-excpt": 5.604193574981764e-06, "contingency.negative-condition.arg1-as-negcond": 1.948922999872593e-06, "contingency.cause+speechact.reason+speechact": 5.0307339733990375e-06, "contingency.cause+speechact.result+speechact": 5.456041890283814e-06, "expansion.instantiation.arg1-as-instance": 4.1271218833571766e-06, "contingency.negative-cause.negresult": 2.3043780856824014e-06}}
{"gold_relation": "expansion.conjunction", "loss": 0.1617722064256668, "pred_relation": "expansion.conjunction", "relation_probs": {"expansion.conjunction": 0.8506349325180054, "comparison.concession.arg2-as-denier": 0.0021061517763882875, "contingency.cause.reason": 0.0005503224092535675, "contingency.cause.result": 0.13714975118637085, "expansion.level-of-detail.arg2-as-detail": 0.0016767533961683512, "temporal.synchronous": 0.0001926586264744401, "temporal.asynchronous.precedence": 0.00021110635134391487, "comparison.contrast": 0.0003948835073970258, "expansion.instantiation.arg2-as-instance": 0.0011480870889499784, "contingency.purpose.arg2-as-goal": 3.5633845982374623e-05, "contingency.condition.arg2-as-cond": 1.674472150625661e-05, "temporal.asynchronous.succession": 3.337318412377499e-05, "comparison.concession.arg1-as-denier": 7.791702955728397e-05, "expansion.substitution.arg2-as-subst": 0.00018866544996853918, "expansion.manner.arg2-as-manner": 8.336547762155533e-05, "expansion.equivalence": 0.00023330644762609154, "expansion.disjunction": 5.600732038146816e-05, "expansion.level-of-detail.arg1-as-detail": 0.00021890374773647636, "comparison.similarity": 0.00015068771608639508, "contingency.cause+belief.reason+belief": 0.0001303978933719918, "hypophora": 1.3193681297707371e-05, "contingency.purpose.arg1-as-goal": 3.9706428651697934e-05, "contingency.negative-condition.arg2-as-negcond": 4.977284334017895e-06, "expansion.substitution.arg1-as-subst": 3.906426718458533e-05, "expansion.manner.arg1-as-manner": 7.133402687031776e-05, "contingency.cause+belief.result+belief": 0.004286710172891617, "contingency.condition+speechact": 2.905463770730421e-05, "contingency.condition.arg1-as-cond": 0.0001310189109062776, "expansion.exception.arg2-as-excpt": 7.058156825223705e-06, "comparison.concession+speechact.arg2-as-denier+speechact": 2.6162904759985395e-05, "expansion.exception.arg1-as-excpt": 8.71999145601876e-06, "contingency.negative-condition.arg1-as-negcond": 5.500411134562455e-06, "contingency.cause+speechact.reason+speechact": 1.794621130102314e-05, "contingency.cause+speechact.result+speechact": 2.5311232093372382e-05, "expansion.instantiation.arg1-as-instance": 3.655066620922298e-06, "contingency.negative-cause.negresult": 9.169695545097056e-07}}
{"gold_relation": "expansion.conjunction", "loss": 3.713352680206299, "pred_relation": "contingency.purpose.arg2-as-goal", "relation_probs": {"expansion.conjunction": 0.024395590648055077, "comparison.concession.arg2-as-denier": 0.009587828069925308, "contingency.cause.reason": 0.006604806054383516, "contingency.cause.result": 0.0054531097412109375, "expansion.level-of-detail.arg2-as-detail": 0.13056360185146332, "temporal.synchronous": 0.010583538562059402, "temporal.asynchronous.precedence": 0.0016627877485007048, "comparison.contrast": 0.004916683305054903, "expansion.instantiation.arg2-as-instance": 0.036929789930582047, "contingency.purpose.arg2-as-goal": 0.2400757223367691, "contingency.condition.arg2-as-cond": 0.004793025087565184, "temporal.asynchronous.succession": 0.00019343818712513894, "comparison.concession.arg1-as-denier": 0.0008838868234306574, "expansion.substitution.arg2-as-subst": 0.15408456325531006, "expansion.manner.arg2-as-manner": 0.23142416775226593, "expansion.equivalence": 0.009928904473781586, "expansion.disjunction": 0.004453851375728846, "expansion.level-of-detail.arg1-as-detail": 0.09639158844947815, "comparison.similarity": 0.0005684109055437148, "contingency.cause+belief.reason+belief": 0.0016274587251245975, "hypophora": 0.0015619401820003986, "contingency.purpose.arg1-as-goal": 0.0013993146130815148, "contingency.negative-condition.arg2-as-negcond": 0.00038104463601484895, "expansion.substitution.arg1-as-subst": 0.003173593431711197, "expansion.manner.arg1-as-manner": 0.0074998498894274235, "contingency.cause+belief.result+belief": 0.0008945339941419661, "contingency.condition+speechact": 0.0011892239563167095, "contingency.condition.arg1-as-cond": 0.0015406310558319092, "expansion.exception.arg2-as-excpt": 0.0018883631564676762, "comparison.concession+speechact.arg2-as-denier+speechact": 0.001600799267180264, "expansion.exception.arg1-as-excpt": 0.000659648678265512, "contingency.negative-condition.arg1-as-negcond": 0.0010190245229750872, "contingency.cause+speechact.reason+speechact": 0.0010803535114973783, "contingency.cause+speechact.result+speechact": 0.0003711101016961038, "expansion.instantiation.arg1-as-instance": 0.00026828330010175705, "contingency.negative-cause.negresult": 0.0003495026903692633}}
